Subject,DOB
314_97923,08/11/1995
,
314_17279,28/04/1995
,
314_82107,27/06/1997
314_86435,28/05/1996
,
314_53696,09/07/1996
314_70695,21/01/1993
,
314_77660,24/07/1994
314_xxxxxxx,03/11/1985
314_66783,15/09/1989
,
,
314_72753,22/04/1996
314_xxxxx,03/11/1985
,
314_95985,12/01/1995
,
314_73512,23/02/1998
314_11220,04/04/1998
314_xxxxxx,04/11/1954
314_xxxxx,03/11/1985
314_24295,14/09/1999
314_30090,24/07/1995
,
314_51896,02/02/1999
314_22442,11/10/1998
314_87732,17/10/1994
314_20028,02/03/1989
,
314_74182,28/06/1992
314_47206,26/12/1984
,
314-39332,10/05/1997
,
314-40322,19/08/1995
314_09540,13/01/1996
314_22786,14/10/1998
,
314-52967,22/04/1978
314-67613,07/11/1997
314-14900,12/08/1955
314-77708,27/09/1997
314_75861,10/02/1980
314_72337,27/05/1997
,
314-30648,23/08/1955
,
314_71675,31/10/1993
314_93064,08/09/1998
314_31017,09/07/1999
314_10839,19/04/1999
314_95017,15/05/1969
314_24372,20/01/1980
314_83170,17/03/1986
314_33184,21/04/2001
314_95862,08/11/1991
314_87034,09/03/1977
314_12054,25/04/1999
314-81668,28/06/1956
314_05117,12/06/1963
314_66055,18/07/1958
314_99501,05/01/1988
314-49336,24/05/1986
314_60324,29/09/1972
314_58709,19/05/1989
314_73378,03/09/1994
,
314_89440,02/04/1986
,
314_43766,01/08/1985
314_62452,29/04/1989
314_23322,14/03/1973
314_69203,15/11/1991
314_33639,10/07/1989
314_73121,08/02/1978
314_06783,31/01/1980
314_27934,01/11/1984
314_76456,02/11/1977
314_92386,29/08/1981
314_24613,09/05/1982
314_08033,04/02/1996
314_62533,26/08/1977
314_45900,17/03/1971
314_88686,10/07/1996
314_98476,03/06/1966
1,01/12/1997
314_28617,24/12/1987
314_80780,08/08/1971
314_12653,09/03/1993
,
314_89448,09/09/1996
314_75086,02/07/1960
314_50800,02/03/1970
314_47379,11/01/1978
,
314_74516,17/04/1984
314_06180,07/07/1993
314_22482,22/12/1995
314_42863,05/11/1990
,
314_27711,06/01/1999
314_64564,05/08/1998
,
314_13206,30/03/1990
314_74193,05/11/1975
314_82065,27/07/2001
314_43425,04/11/1978
314_91179,25/11/1997
314_09188,15/07/1980
314_28276,09/09/1995
,
314_87051,14/08/1988
,
314_88548,08/02/1963
314_38264,30/11/1996
314_47803,26/05/1979
314_83997,01/07/1983
,
314_62894,15/12/1981
,
314_61926,30/06/1987
314_46263,07/08/1983
,
314_14936,11/08/1980
314_43240,11/02/1997
314_72783,24/11/1973
314_85522,10/11/2000
314_54979,25/11/1999
314_41590,05/11/1998
314_04843,19/07/2001
314_00395,07/12/1995
314_45148,07/12/1995
314_35814,27/09/2000
314_22943,13/06/1992
314_61696,29/09/1988
,
314_68103,30/06/1996
314_09720,28/04/1987
314_xxxxxxx,03/04/2021
314_xxxx,01/02/1990
314_10677,22/11/1985
314-26383,04/07/2002
314-01945,17/04/1991
314_38553,19/11/1992
314_84917,10/01/1995
314_13953,08/04/1997
314_69577,27/05/1998
314_69988,26/06/2000
314_63392,28/03/1998
314_67731,11/04/1991
314_14445,08/04/2001
314_19230,17/08/1992
314-38989,30/12/1992
314_53679,23/10/1995
314_68443,18/05/1999
314_68412,22/01/1992
314-01187,03/01/1983
314_06400,18/07/1991
314_23992,14/10/1999
314-54552,04/11/1989
314_80344,14/12/1998
314_42565,25/01/1993
314-17726,11/10/1999
314_76147,14/12/1983
314_64907,20/04/1991
314_54544,07/08/2000
314_86493,15/11/2001
,
314_75056,03/12/2000
,
314_71473,04/02/2000
314_21157,16/07/1985
314_47050,27/01/1978
,
314_20609,28/04/1995
314_61880,07/03/1993
314_39546,25/07/1998
314_92635,19/12/1999
,
314_19003,05/11/1978
314_45644,07/03/1998
314_93729,25/08/2003
314_64927,30/08/2003
314_64711,12/11/2002
314_05532,06/01/1985
,
314_23042,06/06/2003
,
314_95488,19/01/1995
314_50530,25/09/1995
314_97902,19/08/1993
314_92438,13/04/2003
314_95988,13/09/1974
314_86202,04/11/2004
,
314_85373,28/03/2002
,
,
,
314_08096,11/01/2001
314_93112,11/04/2002
,
314_69881,16/10/1992
,
314_12503,19/07/2002
,
314_57198,19/02/2002
314_65969,19/01/1976
314_08726,07/06/2004
314_40079,18/08/1999
314_36346,21/03/2003
314_43793,05/07/2002
314_42086,02/08/2003
314_98335,15/11/2002
314_34986,01/05/2002
314_88141,17/08/2002
,
314_89034,03/10/1967
314_52789,07/01/2001
,
314_81101,08/12/1975
314_76884,26/02/2004
